grado,url
Grado en Administraci贸n y Direcci贸n de Empresas,https://www.us.es/estudiar/que-estudiar/oferta-de-grados/grado-en-administracion-y-direccion-de-empresas#edit-group-plani
Grado en Administraci贸n y Direcci贸n de Empresas / Derecho (Doble Grado),https://www.us.es/estudiar/que-estudiar/oferta-de-grados/doble-grado-en-administracion-y-direccion-de-empresas-y-en
Grado en Administraci贸n y Direcci贸n de Empresas / Econom铆a (Doble Grado),https://www.us.es/estudiar/que-estudiar/oferta-de-grados/doble-grado-en-derecho-y-en-economia
Grado en Administraci贸n y Direcci贸n de Empresas / Finanzas y Contabilidad (Doble Grado),https://www.us.es/estudiar/que-estudiar/oferta-de-grados/doble-grado-en-administracion-y-direccion-de-empresas-y-en-0
Grado en Biomedicina B谩sica y Experimental,https://www.us.es/estudiar/que-estudiar/oferta-de-grados/grado-en-biomedicina-basica-y-experimental
Grado en Ciencias Actividad F铆sica y del Deporte,https://www.us.es/estudiar/que-estudiar/oferta-de-grados/grado-en-ciencias-de-la-actividad-fisica-y-del-deporte
Grado en Ciencias Actividad F铆sica y del Deporte (2023),https://www.us.es/estudiar/que-estudiar/oferta-de-grados/grado-en-ciencias-de-la-actividad-fisica-y-del-deporte
Grado en Derecho / Econom铆a (Doble Grado),https://www.us.es/estudiar/que-estudiar/oferta-de-grados/doble-grado-en-derecho-y-en-economia
Grado en Derecho / Finanzas y Contabilidad (Doble Grado),https://www.us.es/estudiar/que-estudiar/oferta-de-grados/doble-grado-en-derecho-y-en-finanzas-y-contabilidad
Grado en Derecho / Gesti贸n y Administraci贸n P煤blica (Doble Grado),https://www.us.es/estudiar/que-estudiar/oferta-de-grados/doble-grado-en-derecho-y-gestion-y-administracion-publica
Grado en Econom铆a,https://www.us.es/estudiar/que-estudiar/oferta-de-grados/grado-en-economia
Grado en Estudios de Asia Oriental (USE-UMA),https://www.us.es/estudiar/que-estudiar/oferta-de-grados/grado-en-estudios-de-asia-oriental-por-la-universidad-de
Grado en Finanzas y Contabilidad,https://www.us.es/estudiar/que-estudiar/oferta-de-grados/grado-en-finanzas-y-contabilidad
Grado en Finanzas y Contabilidad / Turismo (2024) (Doble Grado),https://www.us.es/estudiar/que-estudiar/oferta-de-grados/doble-grado-en-finanzas-y-contabilidad-y-turismo
Grado en Finanzas y Contabilidad y RR.LL y RR.HH (Doble Grado),https://www.us.es/estudiar/que-estudiar/oferta-de-grados/doble-grado-en-finanzas-y-contabilidad-y-en-relaciones
Grado en Fisioterapia / Ciencias Actividad F铆sica y del Deporte (2023) (Doble Grado)
Grado en Gesti贸n y Administraci贸n P愫blica,https://www.us.es/estudiar/que-estudiar/oferta-de-grados/grado-en-gestion-y-administracion-publica
Grado en Ingenier铆a de la Salud (UMA-USE)
Grado en Marketing e Investigaci贸n de Mercados,https://www.us.es/estudiar/que-estudiar/oferta-de-grados/grado-en-marketing-e-investigacion-de-mercados
Grado en ptica y Optometr铆a,https://www.us.es/estudiar/que-estudiar/oferta-de-grados/grado-en-optica-y-optometria
Grado en Periodismo,https://www.us.es/estudiar/que-estudiar/oferta-de-grados/grado-en-periodismo
Grado en Periodismo / Comunicaci贸n Audiovisual (Doble Grado 2016),https://www.us.es/estudiar/que-estudiar/oferta-de-grados/doble-grado-en-periodismo-y-comunicacion-audiovisual-2016
Grado en Publicidad y Relaciones P愫blicas,https://www.us.es/estudiar/que-estudiar/oferta-de-grados/grado-en-publicidad-y-relaciones-publicas
Grado en Relaciones Laborales y Recursos Humanos,https://www.us.es/estudiar/que-estudiar/oferta-de-grados/grado-en-relaciones-laborales-y-recursos-humanos
Grado en Turismo,https://www.us.es/estudiar/que-estudiar/oferta-de-grados/grado-en-turismo
Grado en Turismo (2024),https://www.us.es/estudiar/que-estudiar/oferta-de-grados/grado-en-turismo
