url_abs,nombre_listado,dpto_code,first_seen,last_seen
"http://alojawebapps.us.es/centrosdptos/pdi/pdi.php?pdi=5004,""ACEDO GONZALEZ, FRANCISCO JOSE"",I0G7,2026-01-16T13:40:33+00:00,2026-01-16T13:40:33+00:00"
"http://alojawebapps.us.es/centrosdptos/pdi/pdi.php?pdi=18249,""AGUIRRE MONTERO, ALEXANDER"",I0G7,2026-01-16T13:40:33+00:00,2026-01-16T13:40:33+00:00"
"http://alojawebapps.us.es/centrosdptos/pdi/pdi.php?pdi=5725,""ALFARO DE PRADO SAGRERA, ANA M"",I0G7,2026-01-16T13:40:33+00:00,2026-01-16T13:40:33+00:00"
"http://alojawebapps.us.es/centrosdptos/pdi/pdi.php?pdi=4741,""ALONSO RODRIGUEZ, MIGUEL ANGEL"",I0G7,2026-01-16T13:40:33+00:00,2026-01-16T13:40:33+00:00"
"http://alojawebapps.us.es/centrosdptos/pdi/pdi.php?pdi=4944,""ARENAS GAITAN, JORGE"",I0G7,2026-01-16T13:40:33+00:00,2026-01-16T13:40:33+00:00"
"http://alojawebapps.us.es/centrosdptos/pdi/pdi.php?pdi=16741,""ARTEAGA SANCHEZ, ROCIO"",I0G7,2026-01-16T13:40:33+00:00,2026-01-16T13:40:33+00:00"
"http://alojawebapps.us.es/centrosdptos/pdi/pdi.php?pdi=12807,""BAENA LUNA, PEDRO"",I0G7,2026-01-16T13:40:33+00:00,2026-01-16T13:40:33+00:00"
"http://alojawebapps.us.es/centrosdptos/pdi/pdi.php?pdi=3299,""BARRERA BARRERA, RAMON"",I0G7,2026-01-16T13:40:33+00:00,2026-01-16T13:40:33+00:00"
"http://alojawebapps.us.es/centrosdptos/pdi/pdi.php?pdi=13366,""BARRERA CAMPOS, LAURA"",I0G7,2026-01-16T13:40:33+00:00,2026-01-16T13:40:33+00:00"
"http://alojawebapps.us.es/centrosdptos/pdi/pdi.php?pdi=5679,""BARROSO CASTRO, MARIA DEL CARMEN"",I0G7,2026-01-16T13:40:33+00:00,2026-01-16T13:40:33+00:00"
"http://alojawebapps.us.es/centrosdptos/pdi/pdi.php?pdi=16864,""BRAZO DORADO, PEDRO PAULINO"",I0G7,2026-01-16T13:40:33+00:00,2026-01-16T13:40:33+00:00"
"http://alojawebapps.us.es/centrosdptos/pdi/pdi.php?pdi=6214,""CALVO DE MORA SCHMIDT, ARTURO"",I0G7,2026-01-16T13:40:33+00:00,2026-01-16T13:40:33+00:00"
"http://alojawebapps.us.es/centrosdptos/pdi/pdi.php?pdi=5631,""CARO GONZALEZ, FRANCISCO JAVIER"",I0G7,2026-01-16T13:40:33+00:00,2026-01-16T13:40:33+00:00"
"http://alojawebapps.us.es/centrosdptos/pdi/pdi.php?pdi=3020,""CASANUEVA ROCHA, CRISTOBAL"",I0G7,2026-01-16T13:40:33+00:00,2026-01-16T13:40:33+00:00"
"http://alojawebapps.us.es/centrosdptos/pdi/pdi.php?pdi=5602,""CASILLAS BUENO, JOSE CARLOS"",I0G7,2026-01-16T13:40:33+00:00,2026-01-16T13:40:33+00:00"
"http://alojawebapps.us.es/centrosdptos/pdi/pdi.php?pdi=3051,""CASTELLANOS VERDUGO, MARIO"",I0G7,2026-01-16T13:40:33+00:00,2026-01-16T13:40:33+00:00"
"http://alojawebapps.us.es/centrosdptos/pdi/pdi.php?pdi=11994,""CASTIGLIONI, MARCO"",I0G7,2026-01-16T13:40:33+00:00,2026-01-16T13:40:33+00:00"
"http://alojawebapps.us.es/centrosdptos/pdi/pdi.php?pdi=2766,""CASTRO ABANCENS, IGNACIO"",I0G7,2026-01-16T13:40:33+00:00,2026-01-16T13:40:33+00:00"
"http://alojawebapps.us.es/centrosdptos/pdi/pdi.php?pdi=6343,""CAUZO BOTTALA, LOURDES"",I0G7,2026-01-16T13:40:33+00:00,2026-01-16T13:40:33+00:00"
"http://alojawebapps.us.es/centrosdptos/pdi/pdi.php?pdi=6194,""CEPEDA CARRION, GABRIEL ALFONSO"",I0G7,2026-01-16T13:40:33+00:00,2026-01-16T13:40:33+00:00"
"http://alojawebapps.us.es/centrosdptos/pdi/pdi.php?pdi=12700,""COBEÑA RUIZ-LOPERA, MARIA DEL MAR"",I0G7,2026-01-16T13:40:33+00:00,2026-01-16T13:40:33+00:00"
"http://alojawebapps.us.es/centrosdptos/pdi/pdi.php?pdi=6182,""CRESPO PEREZ, JUAN MANUEL"",I0G7,2026-01-16T13:40:33+00:00,2026-01-16T13:40:33+00:00"
"http://alojawebapps.us.es/centrosdptos/pdi/pdi.php?pdi=3032,""CRIADO GARCIA-LEGAZ, FERNANDO"",I0G7,2026-01-16T13:40:33+00:00,2026-01-16T13:40:33+00:00"
"http://alojawebapps.us.es/centrosdptos/pdi/pdi.php?pdi=16011,""DEL CUBO MOLINA, AIDA"",I0G7,2026-01-16T13:40:33+00:00,2026-01-16T13:40:33+00:00"
"http://alojawebapps.us.es/centrosdptos/pdi/pdi.php?pdi=14859,""DIAZ CARRION, ROSALIA"",I0G7,2026-01-16T13:40:33+00:00,2026-01-16T13:40:33+00:00"
"http://alojawebapps.us.es/centrosdptos/pdi/pdi.php?pdi=2784,""DIAZ FERNANDEZ, MARIA DEL CARMEN"",I0G7,2026-01-16T13:40:33+00:00,2026-01-16T13:40:33+00:00"
"http://alojawebapps.us.es/centrosdptos/pdi/pdi.php?pdi=3342,""DOMINGUEZ DE LA CONCHA-CASTAÑEDA, MARTA"",I0G7,2026-01-16T13:40:33+00:00,2026-01-16T13:40:33+00:00"
"http://alojawebapps.us.es/centrosdptos/pdi/pdi.php?pdi=5593,""ESPASANDIN BUSTELO, FRANCISCO"",I0G7,2026-01-16T13:40:33+00:00,2026-01-16T13:40:33+00:00"
"http://alojawebapps.us.es/centrosdptos/pdi/pdi.php?pdi=15657,""FELIPE LLANOS, CARMEN"",I0G7,2026-01-16T13:40:33+00:00,2026-01-16T13:40:33+00:00"
"http://alojawebapps.us.es/centrosdptos/pdi/pdi.php?pdi=3519,""FERNANDEZ FERNANDEZ, JUAN CARLOS"",I0G7,2026-01-16T13:40:33+00:00,2026-01-16T13:40:33+00:00"
"http://alojawebapps.us.es/centrosdptos/pdi/pdi.php?pdi=18120,""FERNANDEZ LOPEZ, ANGELA"",I0G7,2026-01-16T13:40:33+00:00,2026-01-16T13:40:33+00:00"
"http://alojawebapps.us.es/centrosdptos/pdi/pdi.php?pdi=6147,""FLOREZ SABORIDO, IGNACIO"",I0G7,2026-01-16T13:40:33+00:00,2026-01-16T13:40:33+00:00"
"http://alojawebapps.us.es/centrosdptos/pdi/pdi.php?pdi=4529,""GALAN GONZALEZ, JOSE LUIS"",I0G7,2026-01-16T13:40:33+00:00,2026-01-16T13:40:33+00:00"
"http://alojawebapps.us.es/centrosdptos/pdi/pdi.php?pdi=4209,""GALLEGO AGUEDA, MARIA ANGELES"",I0G7,2026-01-16T13:40:33+00:00,2026-01-16T13:40:33+00:00"
"http://alojawebapps.us.es/centrosdptos/pdi/pdi.php?pdi=4522,""GANAZA VARGAS, JUAN D"",I0G7,2026-01-16T13:40:33+00:00,2026-01-16T13:40:33+00:00"
"http://alojawebapps.us.es/centrosdptos/pdi/pdi.php?pdi=9162,""GARCIA CANDON, PALOMA"",I0G7,2026-01-16T13:40:33+00:00,2026-01-16T13:40:33+00:00"
"http://alojawebapps.us.es/centrosdptos/pdi/pdi.php?pdi=3997,""GARCIA CRUZ, ROSARIO"",I0G7,2026-01-16T13:40:33+00:00,2026-01-16T13:40:33+00:00"
"http://alojawebapps.us.es/centrosdptos/pdi/pdi.php?pdi=17756,""GARCIA REYES, BEATRIZ ALEJANDRA"",I0G7,2026-01-16T13:40:33+00:00,2026-01-16T13:40:33+00:00"
"http://alojawebapps.us.es/centrosdptos/pdi/pdi.php?pdi=14855,""GIL CORDERO, ELOY"",I0G7,2026-01-16T13:40:33+00:00,2026-01-16T13:40:33+00:00"
"http://alojawebapps.us.es/centrosdptos/pdi/pdi.php?pdi=12567,""GOMEZ CHACON, RAMON"",I0G7,2026-01-16T13:40:33+00:00,2026-01-16T13:40:33+00:00"
"http://alojawebapps.us.es/centrosdptos/pdi/pdi.php?pdi=6098,""GONZALEZ DOMINGUEZ, FRANCISCO JOSE"",I0G7,2026-01-16T13:40:33+00:00,2026-01-16T13:40:33+00:00"
"http://alojawebapps.us.es/centrosdptos/pdi/pdi.php?pdi=17657,""GONZALEZ GONZALEZ, JOSE MARIA"",I0G7,2026-01-16T13:40:33+00:00,2026-01-16T13:40:33+00:00"
"http://alojawebapps.us.es/centrosdptos/pdi/pdi.php?pdi=18246,""GONZALEZ HERNANDEZ, EVA MARIA"",I0G7,2026-01-16T13:40:33+00:00,2026-01-16T13:40:33+00:00"
"http://alojawebapps.us.es/centrosdptos/pdi/pdi.php?pdi=15082,""GONZALEZ MORALES, ANTONIO"",I0G7,2026-01-16T13:40:33+00:00,2026-01-16T13:40:33+00:00"
"http://alojawebapps.us.es/centrosdptos/pdi/pdi.php?pdi=3513,""GONZALEZ RENDON, MANUEL"",I0G7,2026-01-16T13:40:33+00:00,2026-01-16T13:40:33+00:00"
"http://alojawebapps.us.es/centrosdptos/pdi/pdi.php?pdi=6309,""GONZALEZ RODRIGUEZ, FRANCISCO JAVIER"",I0G7,2026-01-16T13:40:33+00:00,2026-01-16T13:40:33+00:00"
"http://alojawebapps.us.es/centrosdptos/pdi/pdi.php?pdi=17704,""GRANADOS PEREA, CONCEPCION"",I0G7,2026-01-16T13:40:33+00:00,2026-01-16T13:40:33+00:00"
"http://alojawebapps.us.es/centrosdptos/pdi/pdi.php?pdi=17577,""HERNANDEZ GARRIDO, ROCIO"",I0G7,2026-01-16T13:40:33+00:00,2026-01-16T13:40:33+00:00"
"http://alojawebapps.us.es/centrosdptos/pdi/pdi.php?pdi=18260,""HERZALLAH MOHAMMAD, DOAA"",I0G7,2026-01-16T13:40:33+00:00,2026-01-16T13:40:33+00:00"
"http://alojawebapps.us.es/centrosdptos/pdi/pdi.php?pdi=16695,""HIGUERA REINA, JEISSON ALEXANDER"",I0G7,2026-01-16T13:40:33+00:00,2026-01-16T13:40:33+00:00"
"http://alojawebapps.us.es/centrosdptos/pdi/pdi.php?pdi=5420,""LEAL MILLAN, ANTONIO GENARO"",I0G7,2026-01-16T13:40:33+00:00,2026-01-16T13:40:33+00:00"
"http://alojawebapps.us.es/centrosdptos/pdi/pdi.php?pdi=11959,""LEAL RODRIGUEZ, ANTONIO LUIS"",I0G7,2026-01-16T13:40:33+00:00,2026-01-16T13:40:33+00:00"
"http://alojawebapps.us.es/centrosdptos/pdi/pdi.php?pdi=14856,""LEDESMA CHAVES, PABLO"",I0G7,2026-01-16T13:40:33+00:00,2026-01-16T13:40:33+00:00"
"http://alojawebapps.us.es/centrosdptos/pdi/pdi.php?pdi=5755,""LOPEZ BONILLA, JESUS MANUEL"",I0G7,2026-01-16T13:40:33+00:00,2026-01-16T13:40:33+00:00"
"http://alojawebapps.us.es/centrosdptos/pdi/pdi.php?pdi=5526,""LOPEZ BONILLA, LUIS MIGUEL"",I0G7,2026-01-16T13:40:33+00:00,2026-01-16T13:40:33+00:00"
"http://alojawebapps.us.es/centrosdptos/pdi/pdi.php?pdi=18293,""LOPEZ PEREZ, MARIA EUGENIA"",I0G7,2026-01-16T13:40:33+00:00,2026-01-16T13:40:33+00:00"
"http://alojawebapps.us.es/centrosdptos/pdi/pdi.php?pdi=18368,""MACHUCA RUFINO, GUILLERMO"",I0G7,2026-01-16T13:40:33+00:00,2026-01-16T13:40:33+00:00"
"http://alojawebapps.us.es/centrosdptos/pdi/pdi.php?pdi=16111,""MALDONADO LOPEZ, BELEN"",I0G7,2026-01-16T13:40:33+00:00,2026-01-16T13:40:33+00:00"
"http://alojawebapps.us.es/centrosdptos/pdi/pdi.php?pdi=17826,""MARQUEZ GARCIA, ROCIO MACARENA"",I0G7,2026-01-16T13:40:33+00:00,2026-01-16T13:40:33+00:00"
"http://alojawebapps.us.es/centrosdptos/pdi/pdi.php?pdi=11460,""MARTELO LANDROGUEZ, SILVIA"",I0G7,2026-01-16T13:40:33+00:00,2026-01-16T13:40:33+00:00"
"http://alojawebapps.us.es/centrosdptos/pdi/pdi.php?pdi=4158,""MARTIN LOPEZ, MARIA DEL MILAGRO"",I0G7,2026-01-16T13:40:33+00:00,2026-01-16T13:40:33+00:00"
"http://alojawebapps.us.es/centrosdptos/pdi/pdi.php?pdi=18248,""MARTIN RAMALLAL, PABLO NICOLAS"",I0G7,2026-01-16T13:40:33+00:00,2026-01-16T13:40:33+00:00"
"http://alojawebapps.us.es/centrosdptos/pdi/pdi.php?pdi=5083,""MARTIN RUIZ, DAVID"",I0G7,2026-01-16T13:40:33+00:00,2026-01-16T13:40:33+00:00"
"http://alojawebapps.us.es/centrosdptos/pdi/pdi.php?pdi=3341,""MARTINEZ TORRES, MARIA DEL ROCIO"",I0G7,2026-01-16T13:40:33+00:00,2026-01-16T13:40:33+00:00"
"http://alojawebapps.us.es/centrosdptos/pdi/pdi.php?pdi=18400,""MORENO LOBATO, ANA"",I0G7,2026-01-16T13:40:33+00:00,2026-01-16T13:40:33+00:00"
"http://alojawebapps.us.es/centrosdptos/pdi/pdi.php?pdi=3884,""MORENO MENENDEZ, ANA M"",I0G7,2026-01-16T13:40:33+00:00,2026-01-16T13:40:33+00:00"
"http://alojawebapps.us.es/centrosdptos/pdi/pdi.php?pdi=2570,""NAVARRO GARCIA, ANTONIO"",I0G7,2026-01-16T13:40:33+00:00,2026-01-16T13:40:33+00:00"
"http://alojawebapps.us.es/centrosdptos/pdi/pdi.php?pdi=5094,""NOGALES CASTILLA, EVARISTO"",I0G7,2026-01-16T13:40:33+00:00,2026-01-16T13:40:33+00:00"
"http://alojawebapps.us.es/centrosdptos/pdi/pdi.php?pdi=2750,""ORTEGA GUTIERREZ, JAIME"",I0G7,2026-01-16T13:40:33+00:00,2026-01-16T13:40:33+00:00"
"http://alojawebapps.us.es/centrosdptos/pdi/pdi.php?pdi=2412,""ORTI GONZALEZ, ANA MARIA"",I0G7,2026-01-16T13:40:33+00:00,2026-01-16T13:40:33+00:00"
"http://alojawebapps.us.es/centrosdptos/pdi/pdi.php?pdi=2567,""ORTIGUEIRA SANCHEZ, MANUEL"",I0G7,2026-01-16T13:40:33+00:00,2026-01-16T13:40:33+00:00"
"http://alojawebapps.us.es/centrosdptos/pdi/pdi.php?pdi=17933,""ORTS CARDADOR, JAIME JOSE"",I0G7,2026-01-16T13:40:33+00:00,2026-01-16T13:40:33+00:00"
"http://alojawebapps.us.es/centrosdptos/pdi/pdi.php?pdi=2404,""OVIEDO GARCIA, MARIA DE LOS ANGELES"",I0G7,2026-01-16T13:40:33+00:00,2026-01-16T13:40:33+00:00"
"http://alojawebapps.us.es/centrosdptos/pdi/pdi.php?pdi=16886,""PASCUAL SANCHEZ, JOSE ANTONIO"",I0G7,2026-01-16T13:40:33+00:00,2026-01-16T13:40:33+00:00"
"http://alojawebapps.us.es/centrosdptos/pdi/pdi.php?pdi=11810,""PEÑA VINCES, JESUS DEL CARMEN"",I0G7,2026-01-16T13:40:33+00:00,2026-01-16T13:40:33+00:00"
"http://alojawebapps.us.es/centrosdptos/pdi/pdi.php?pdi=4164,""PERAL PERAL, BEGOÑA"",I0G7,2026-01-16T13:40:33+00:00,2026-01-16T13:40:33+00:00"
"http://alojawebapps.us.es/centrosdptos/pdi/pdi.php?pdi=18350,""PEREZ CALAÑAS, CINTA"",I0G7,2026-01-16T13:40:33+00:00,2026-01-16T13:40:33+00:00"
"http://alojawebapps.us.es/centrosdptos/pdi/pdi.php?pdi=5201,""PERIAÑEZ CRISTOBAL, RAFAEL"",I0G7,2026-01-16T13:40:33+00:00,2026-01-16T13:40:33+00:00"
"http://alojawebapps.us.es/centrosdptos/pdi/pdi.php?pdi=3811,""PICON BERJOYO, ARACELI"",I0G7,2026-01-16T13:40:33+00:00,2026-01-16T13:40:33+00:00"
"http://alojawebapps.us.es/centrosdptos/pdi/pdi.php?pdi=4438,""QUIROS TOMAS, FRANCISCO JAVIER"",I0G7,2026-01-16T13:40:33+00:00,2026-01-16T13:40:33+00:00"
"http://alojawebapps.us.es/centrosdptos/pdi/pdi.php?pdi=17745,""RAMOS GARCIA, ALICIA"",I0G7,2026-01-16T13:40:33+00:00,2026-01-16T13:40:33+00:00"
"http://alojawebapps.us.es/centrosdptos/pdi/pdi.php?pdi=3653,""RAMOS HIDALGO, MARIA ENCARNACION"",I0G7,2026-01-16T13:40:33+00:00,2026-01-16T13:40:33+00:00"
"http://alojawebapps.us.es/centrosdptos/pdi/pdi.php?pdi=3654,""REVILLA CAMACHO, MARIA ANGELES"",I0G7,2026-01-16T13:40:33+00:00,2026-01-16T13:40:33+00:00"
"http://alojawebapps.us.es/centrosdptos/pdi/pdi.php?pdi=11478,""REY MORENO, MANUEL"",I0G7,2026-01-16T13:40:33+00:00,2026-01-16T13:40:33+00:00"
"http://alojawebapps.us.es/centrosdptos/pdi/pdi.php?pdi=18448,""REYES GARCIA, MARIA EUGENIA"",I0G7,2026-01-16T13:40:33+00:00,2026-01-16T13:40:33+00:00"
"http://alojawebapps.us.es/centrosdptos/pdi/pdi.php?pdi=4951,""REYES RODRIGUEZ, MARIA DEL CARMEN"",I0G7,2026-01-16T13:40:33+00:00,2026-01-16T13:40:33+00:00"
"http://alojawebapps.us.es/centrosdptos/pdi/pdi.php?pdi=2865,""ROBLES RABAGO, MARIA ELENA"",I0G7,2026-01-16T13:40:33+00:00,2026-01-16T13:40:33+00:00"
"http://alojawebapps.us.es/centrosdptos/pdi/pdi.php?pdi=2375,""RODRIGUEZ RAD, CARLOS J"",I0G7,2026-01-16T13:40:33+00:00,2026-01-16T13:40:33+00:00"
"http://alojawebapps.us.es/centrosdptos/pdi/pdi.php?pdi=9654,""RODRIGUEZ SERRANO, M DE LOS ANGELES"",I0G7,2026-01-16T13:40:33+00:00,2026-01-16T13:40:33+00:00"
"http://alojawebapps.us.es/centrosdptos/pdi/pdi.php?pdi=2606,""RODRIGUEZ-BOBADA REY, JOAQUINA"",I0G7,2026-01-16T13:40:33+00:00,2026-01-16T13:40:33+00:00"
"http://alojawebapps.us.es/centrosdptos/pdi/pdi.php?pdi=6277,""RODRIGUEZ-PIÑERO ROYO, FRANCISCO"",I0G7,2026-01-16T13:40:33+00:00,2026-01-16T13:40:33+00:00"
"http://alojawebapps.us.es/centrosdptos/pdi/pdi.php?pdi=3922,""ROLDAN SALGUEIRO, JOSE LUIS"",I0G7,2026-01-16T13:40:33+00:00,2026-01-16T13:40:33+00:00"
"http://alojawebapps.us.es/centrosdptos/pdi/pdi.php?pdi=2889,""ROMAN ONSALO, MARIA LUISA"",I0G7,2026-01-16T13:40:33+00:00,2026-01-16T13:40:33+00:00"
"http://alojawebapps.us.es/centrosdptos/pdi/pdi.php?pdi=2371,""ROMERO ROMERO, MARIA GLORIA"",I0G7,2026-01-16T13:40:33+00:00,2026-01-16T13:40:33+00:00"
"http://alojawebapps.us.es/centrosdptos/pdi/pdi.php?pdi=5007,""RONDAN CATALUÑA, FRANCISCO JAVIER"",I0G7,2026-01-16T13:40:33+00:00,2026-01-16T13:40:33+00:00"
"http://alojawebapps.us.es/centrosdptos/pdi/pdi.php?pdi=2880,""ROSA DIAZ, ISABEL MARIA"",I0G7,2026-01-16T13:40:33+00:00,2026-01-16T13:40:33+00:00"
"http://alojawebapps.us.es/centrosdptos/pdi/pdi.php?pdi=17810,""RUBIO ORTIZ, MARIA"",I0G7,2026-01-16T13:40:33+00:00,2026-01-16T13:40:33+00:00"
"http://alojawebapps.us.es/centrosdptos/pdi/pdi.php?pdi=4463,""RUFINO RUS, JOSE IGNACIO"",I0G7,2026-01-16T13:40:33+00:00,2026-01-16T13:40:33+00:00"
"http://alojawebapps.us.es/centrosdptos/pdi/pdi.php?pdi=4935,""RUIZ MORENO, CAROLINA"",I0G7,2026-01-16T13:40:33+00:00,2026-01-16T13:40:33+00:00"
"http://alojawebapps.us.es/centrosdptos/pdi/pdi.php?pdi=3611,""SANCHEZ DEL RIO VAZQUEZ, MARIA ELENA"",I0G7,2026-01-16T13:40:33+00:00,2026-01-16T13:40:33+00:00"
"http://alojawebapps.us.es/centrosdptos/pdi/pdi.php?pdi=5832,""SANCHEZ FRANCO, MANUEL JESUS"",I0G7,2026-01-16T13:40:33+00:00,2026-01-16T13:40:33+00:00"
"http://alojawebapps.us.es/centrosdptos/pdi/pdi.php?pdi=6315,""SANCHO MEJIAS, MARIA"",I0G7,2026-01-16T13:40:33+00:00,2026-01-16T13:40:33+00:00"
"http://alojawebapps.us.es/centrosdptos/pdi/pdi.php?pdi=5854,""SANZ ALTAMIRA, BORJA"",I0G7,2026-01-16T13:40:33+00:00,2026-01-16T13:40:33+00:00"
"http://alojawebapps.us.es/centrosdptos/pdi/pdi.php?pdi=18398,""SERRANO MENDOZA, LAURA"",I0G7,2026-01-16T13:40:33+00:00,2026-01-16T13:40:33+00:00"
"http://alojawebapps.us.es/centrosdptos/pdi/pdi.php?pdi=15838,""SUAREZ REDONDO, EVA MARIA"",I0G7,2026-01-16T13:40:33+00:00,2026-01-16T13:40:33+00:00"
"http://alojawebapps.us.es/centrosdptos/pdi/pdi.php?pdi=5354,""TAMAYO GALLEGO, JUAN A"",I0G7,2026-01-16T13:40:33+00:00,2026-01-16T13:40:33+00:00"
"http://alojawebapps.us.es/centrosdptos/pdi/pdi.php?pdi=17566,""TOMAS CAMARDIEL, JOSE LUIS"",I0G7,2026-01-16T13:40:33+00:00,2026-01-16T13:40:33+00:00"
"http://alojawebapps.us.es/centrosdptos/pdi/pdi.php?pdi=3445,""TRAVERSO CORTES, JOAQUIN"",I0G7,2026-01-16T13:40:33+00:00,2026-01-16T13:40:33+00:00"
"http://alojawebapps.us.es/centrosdptos/pdi/pdi.php?pdi=17856,""VARGAS PORTILLO, JENNY PATRICIA"",I0G7,2026-01-16T13:40:33+00:00,2026-01-16T13:40:33+00:00"
"http://alojawebapps.us.es/centrosdptos/pdi/pdi.php?pdi=2397,""VAZQUEZ SANCHEZ, ADOLFO ENRIQUE"",I0G7,2026-01-16T13:40:33+00:00,2026-01-16T13:40:33+00:00"
"http://alojawebapps.us.es/centrosdptos/pdi/pdi.php?pdi=5338,""VECINO GRAVEL, JULIO DARIO"",I0G7,2026-01-16T13:40:33+00:00,2026-01-16T13:40:33+00:00"
"http://alojawebapps.us.es/centrosdptos/pdi/pdi.php?pdi=5811,""VEGA VAZQUEZ, MANUELA"",I0G7,2026-01-16T13:40:33+00:00,2026-01-16T13:40:33+00:00"
"http://alojawebapps.us.es/centrosdptos/pdi/pdi.php?pdi=4389,""VELICIA MARTIN, FELIX ANTONIO"",I0G7,2026-01-16T13:40:33+00:00,2026-01-16T13:40:33+00:00"
"http://alojawebapps.us.es/centrosdptos/pdi/pdi.php?pdi=13651,""VENEGAS LAGÜENS, JAVIER"",I0G7,2026-01-16T13:40:33+00:00,2026-01-16T13:40:33+00:00"
"http://alojawebapps.us.es/centrosdptos/pdi/pdi.php?pdi=14153,""VILLALBA RIOS, PAULA"",I0G7,2026-01-16T13:40:33+00:00,2026-01-16T13:40:33+00:00"
"http://alojawebapps.us.es/centrosdptos/pdi/pdi.php?pdi=3601,""VILLAREJO RAMOS, ANGEL FRANCISCO"",I0G7,2026-01-16T13:40:33+00:00,2026-01-16T13:40:33+00:00"
"http://alojawebapps.us.es/centrosdptos/pdi/pdi.php?pdi=4473,""VILLEGAS PERIÑAN, MARIA DEL MAR"",I0G7,2026-01-16T13:40:33+00:00,2026-01-16T13:40:33+00:00"
